Observation,Energy
50001,73.6926039882
50002,98.7457774464
50003,149.73567957
50004,88.3186424123
50005,62.639688212
50006,60.1786818728
50007,140.904321434
50008,82.7864409924
50009,74.9941128575
50010,87.1560221725
50011,122.401201925
50012,126.140451494
50013,96.2032397159
50014,130.05822974
50015,58.2481685206
50016,97.8656781504
50017,75.586243917
50018,93.5089207907
50019,85.2247280105
50020,124.590644753
50021,79.3113384687
50022,113.663177607
50023,114.035767855
50024,82.4579319338
50025,100.379829475
50026,103.726946089
50027,185.445171817
50028,125.463239236
50029,47.5558267584
50030,37.9853996474
50031,65.330110137
50032,117.926044834
50033,87.9063020125
50034,67.750903964
50035,122.758047722
50036,78.2126456535
50037,83.9121619599
50038,105.333785676
50039,185.505179605
50040,99.0100226904
50041,94.7806489612
50042,38.1102787817
50043,70.2395840191
50044,55.0864378891
50045,147.004593059
50046,122.25026637
50047,63.7437707716
50048,98.2162475237
50049,34.6809995212
50050,90.8372732584
50051,119.791907545
50052,41.5736389243
50053,85.7383442628
50054,128.080495923
50055,142.468636374
50056,68.8257498328
50057,39.2866125936
50058,126.602317903
50059,107.928196144
50060,136.052978026
50061,110.55079388
50062,48.9381489181
50063,72.7580604077
50064,87.8412615874
50065,110.041051947
50066,97.9337393869
50067,49.0912658699
50068,108.926515657
50069,150.414698139
50070,69.7171795143
50071,125.799576197
50072,153.312658257
50073,186.56249678
50074,58.4314373914
50075,23.5165209992
50076,90.8422408801
50077,112.660676843
50078,136.271609622
50079,116.970183146
50080,58.6330460591
50081,100.022011552
50082,103.891349735
50083,67.8624708568
50084,82.8974079657
50085,75.8753071651
50086,110.269058208
50087,146.180724801
50088,22.0861733438
50089,122.78353585
50090,131.587385748
50091,90.0016529979
50092,58.8735866077
50093,146.714542492
50094,107.432660234
50095,106.767388941
50096,80.9371346735
50097,60.6745684134
50098,87.230306354
50099,86.8658461744
50100,90.893276271
50101,66.4929039039
50102,44.6305549024
50103,115.790203723
50104,65.6924341116
50105,78.4880853664
50106,60.9816434104
50107,54.2504895064
50108,121.521220745
50109,45.2416141135
50110,79.9752588446
50111,91.7267314851
50112,175.49747326
50113,58.6638729996
50114,122.960461964
50115,68.6071347161
50116,86.2185946152
50117,89.3753273892
50118,42.0287230316
50119,158.388214067
50120,141.474777437
50121,99.587448838
50122,78.3870037948
50123,125.279244344
50124,111.394230231
50125,65.2611884852
50126,90.7932649289
50127,111.335780071
50128,55.3038103059
50129,139.054862903
50130,75.0485389682
50131,97.2972765101
50132,97.2609660948
50133,85.2852339872
50134,82.4308123799
50135,79.3954055318
50136,112.437964045
50137,219.725864861
50138,68.0726749492
50139,84.4670096343
50140,75.3751873512
50141,89.9147972617
50142,164.696843752
50143,92.9062831305
50144,80.6332806134
50145,90.6474319469
50146,47.1019372793
50147,68.617018219
50148,99.4696884621
50149,121.892749731
50150,112.91195972
50151,101.010861255
50152,51.0883615891
50153,140.700579918
50154,89.2045395806
50155,104.175476321
50156,41.1088612288
50157,119.71432883
50158,72.9485444701
50159,66.6103289345
50160,67.3767456886
50161,49.973549569
50162,54.0871522074
50163,133.728893778
50164,142.055861807
50165,116.994120538
50166,103.078434069
50167,176.808272726
50168,143.34852337
50169,76.8577424514
50170,112.606873685
50171,97.5251069341
50172,74.6216700708
50173,51.0890598639
50174,87.9466117502
50175,79.5280499092
50176,124.075479925
50177,70.2137468707
50178,82.2133579274
50179,52.3414237219
50180,84.8567249
50181,74.8385698351
50182,66.2675734487
50183,94.6732117538
50184,47.9162152525
50185,91.0898404528
50186,113.168231421
50187,112.247765079
50188,140.178239708
50189,106.132730907
50190,90.3640526777
50191,84.1158680977
50192,24.392124508
50193,84.0354548677
50194,99.4558038501
50195,48.6660096939
50196,71.4444292416
50197,62.8746445419
50198,126.59033212
50199,39.7963092667
50200,84.2849147517
50201,58.8104594882
50202,82.7838190866
50203,126.179596002
50204,68.9683457179
50205,93.0548180671
50206,147.832601201
50207,87.7921175448
50208,171.108726792
50209,193.993488493
50210,96.913054544
50211,52.1140384124
50212,66.6786108195
50213,165.996779585
50214,57.2720027275
50215,94.0341250866
50216,32.4841843407
50217,119.722804706
50218,80.4335480473
50219,118.143286378
50220,110.545394298
50221,42.8525241015
50222,50.8981124339
50223,88.9121164151
50224,107.944234082
50225,82.1066347474
50226,121.79395499
50227,91.0574181685
50228,111.248979502
50229,65.5947231268
50230,170.143152651
50231,149.330109091
50232,166.885340546
50233,103.054484222
50234,91.5309662845
50235,83.4401525009
50236,131.628462399
50237,93.4546842045
50238,104.865826841
50239,90.2388885001
50240,85.6656979067
50241,82.9784676185
50242,55.3939245798
50243,59.9345109205
50244,109.320914382
50245,68.1544401318
50246,25.2147898067
50247,136.48849631
50248,82.0330788283
50249,154.202722011
50250,71.3655642751
50251,90.3342558173
50252,66.0392435375
50253,92.0234426914
50254,79.8369187958
50255,169.900757415
50256,67.5051429073
50257,88.9323585381
50258,212.539247531
50259,97.7351053053
50260,88.8384069594
50261,157.654170653
50262,94.5380819675
50263,108.341978928
50264,64.9936768621
50265,72.1748478605
50266,43.1577017453
50267,77.6421442962
50268,144.122848393
50269,133.923240978
50270,93.4876418274
50271,127.608540912
50272,88.4445293509
50273,138.688475435
50274,84.6073190514
50275,85.5439862568
50276,109.410923229
50277,164.435554751
50278,60.6097723453
50279,74.7451202966
50280,104.43485181
50281,75.1797201818
50282,124.226177121
50283,119.134457062
50284,152.194520889
50285,76.05489177
50286,40.8071528894
50287,60.2616917777
50288,113.648528173
50289,88.3237496427
50290,64.3462115391
50291,64.9215529181
50292,38.2732771373
50293,101.768985912
50294,83.2811157036
50295,147.426850779
50296,63.202235519
50297,177.871470369
50298,48.7333709341
50299,143.915495492
50300,133.595672345
50301,106.669139254
50302,121.597238598
50303,90.0119109425
50304,140.067744654
50305,73.9394538843
50306,173.052592376
50307,95.087265554
50308,67.4948683553
50309,48.2154507492
50310,42.7860258334
50311,135.857921939
50312,79.4738363752
50313,96.6695790678
50314,65.6242001711
50315,50.1087353278
50316,118.319448499
50317,82.3894669667
50318,74.6563930119
50319,75.6883987545
50320,35.2001359322
50321,29.3181107973
50322,130.096148808
50323,81.1747640058
50324,60.7704513923
50325,101.569483122
50326,105.707984765
50327,42.938686505
50328,117.888498621
50329,114.471020455
50330,83.7799254006
50331,98.8122941266
50332,89.4154050927
50333,82.3129287074
50334,34.1515794007
50335,212.230124185
50336,119.598748142
50337,54.6172356998
50338,57.9233333589
50339,53.3788981444
50340,62.6498389305
50341,53.4436810338
50342,85.1989556102
50343,68.4876997908
50344,111.661129912
50345,24.4211283982
50346,115.070919697
50347,80.4953346845
50348,71.5594220847
50349,50.6442602071
50350,118.418027198
50351,115.797498508
50352,98.235234389
50353,217.824959963
50354,74.11746874
50355,96.6689808628
50356,114.817734907
50357,195.163998577
50358,5.56801376324
50359,67.2280328436
50360,68.6177746875
50361,116.823331322
50362,54.3012985999
50363,82.7396222471
50364,108.402077478
50365,80.1512218574
50366,54.5697056617
50367,93.8483830649
50368,93.7444698839
50369,81.8342277878
50370,128.474183204
50371,123.752376534
50372,69.2139010576
50373,211.3814394
50374,79.7587472481
50375,66.0476971137
50376,82.3504768872
50377,108.189256135
50378,61.3019344709
50379,72.025215183
50380,214.773300352
50381,119.178453523
50382,41.5355335567
50383,88.9426709899
50384,80.1210487254
50385,94.6933089326
50386,66.1024573992
50387,79.6032480073
50388,80.9647301031
50389,81.4152735394
50390,127.347974521
50391,124.816092015
50392,89.7027053816
50393,54.1471938349
50394,21.9202236693
50395,197.145677605
50396,39.7660344892
50397,90.4892350967
50398,80.4666353069
50399,69.3247920749
50400,78.3966391252
50401,85.4193488931
50402,107.379251404
50403,116.330912464
50404,123.650796328
50405,71.3791861297
50406,167.775499986
50407,113.525958782
50408,140.496895257
50409,151.230114089
50410,131.203015324
50411,50.927478976
50412,100.282807027
50413,86.7251286488
50414,110.385840722
50415,96.9078724808
50416,71.1947392727
50417,75.7132375314
50418,115.687463947
50419,81.3133283857
50420,137.54517834
50421,114.343244621
50422,70.1537855726
50423,72.9697448426
50424,61.2456313551
50425,112.369537271
50426,50.139576859
50427,62.7509439414
50428,132.867869031
50429,101.551863494
50430,104.84162342
50431,81.192587963
50432,85.3669843692
50433,96.5521567504
50434,20.4773789972
50435,56.1010316654
50436,96.7368071087
50437,73.8767592931
50438,45.7654281021
50439,171.072909118
50440,117.90396376
50441,48.0981810596
50442,72.0307065321
50443,71.4266818929
50444,93.4749500883
50445,140.364659291
50446,158.28062595
50447,82.0506736577
50448,96.2179599516
50449,102.859867299
50450,84.9032459759
50451,133.023663471
50452,92.1243045395
50453,66.4589888156
50454,75.124154818
50455,72.4596496995
50456,66.2308378296
50457,65.8367406147
50458,68.7122349178
50459,122.118481423
50460,83.0741402028
50461,40.269958715
50462,124.533079085
50463,83.5175927632
50464,196.923643001
50465,93.8073165955
50466,112.478713024
50467,71.4345647606
50468,105.267911511
50469,129.551183826
50470,66.8084538466
50471,93.0050930237
50472,114.053125665
50473,111.615169043
50474,100.843099165
50475,99.4860499251
50476,92.0849755934
50477,110.995962158
50478,130.004739011
50479,61.2966991631
50480,65.8652476909
50481,93.8329329364
50482,182.841560419
50483,56.8666594688
50484,61.6860111583
50485,59.2614381775
50486,92.9957146407
50487,82.1537060233
50488,98.7457994288
50489,189.934325328
50490,84.185880771
50491,104.604643411
50492,72.2344977454
50493,73.5537707745
50494,81.0782486322
50495,82.7085137709
50496,11.4474097033
50497,71.9777166864
50498,105.309942555
50499,122.269751531
50500,98.9818157317
50501,48.6452182206
50502,43.6235249813
50503,115.901295198
50504,73.8103349371
50505,96.5318714054
50506,86.5113043832
50507,68.7537515573
50508,68.3254317079
50509,133.514792467
50510,119.799976324
50511,111.110667471
50512,79.6846244801
50513,102.462036727
50514,80.0001339279
50515,127.753771802
50516,105.304327595
50517,131.225945249
50518,111.285116227
50519,122.672137576
50520,142.625571076
50521,47.8064380743
50522,150.02346634
50523,151.259004694
50524,76.2411301646
50525,63.652023922
50526,97.862652124
50527,87.881741523
50528,112.778784975
50529,128.42279564
50530,115.635370898
50531,95.6428904401
50532,82.4327236282
50533,78.7694354527
50534,69.7858899224
50535,67.6744179597
50536,114.557881094
50537,76.211987582
50538,227.481931644
50539,151.32366744
50540,80.93887995
50541,81.8936210276
50542,57.4194333845
50543,88.3508910067
50544,75.3682398485
50545,133.949924799
50546,59.0663447186
50547,143.535822973
50548,63.3704166958
50549,110.323890894
50550,94.5135682269
50551,8.46944222398
50552,81.9656132216
50553,105.697994498
50554,87.7411275778
50555,55.9113355366
50556,111.882654525
50557,61.0673756912
50558,63.4807274509
50559,116.95968321
50560,150.568293759
50561,123.050989947
50562,85.0722018227
50563,51.4409793235
50564,50.6704381392
50565,121.116585791
50566,119.125694916
50567,131.672744051
50568,45.4953012267
50569,100.980304679
50570,55.7669650125
50571,177.808355018
50572,209.880043778
50573,39.0156702907
50574,76.6954697671
50575,84.2732996663
50576,124.762063125
50577,48.8964947502
50578,123.728851124
50579,139.521596254
50580,108.533325477
50581,73.7495969944
50582,94.0543475794
50583,83.3138720526
50584,93.718168691
50585,95.1178611388
50586,93.6093772956
50587,100.502501802
50588,65.824461926
50589,157.39426705
50590,145.865616863
50591,161.677786945
50592,105.762474662
50593,31.9784766918
50594,114.594799967
50595,78.3667194326
50596,58.6802827411
50597,136.806478149
50598,160.897193562
50599,100.060873496
50600,39.9301167281
50601,51.6380046013
50602,87.5716086547
50603,73.6342709407
50604,85.5423827782
50605,99.05841888
50606,66.6228212295
50607,83.4783099433
50608,65.5477184423
50609,33.9758335
50610,109.216879301
50611,74.7657646209
50612,68.7967747816
50613,103.48673107
50614,82.0115358061
50615,94.5226833662
50616,112.155606018
50617,89.15210766
50618,70.7224823994
50619,101.91249659
50620,55.7852818894
50621,163.445306925
50622,126.619330096
50623,89.5040477116
50624,75.2657422431
50625,91.5987940795
50626,109.174002835
50627,203.741041676
50628,136.88828611
50629,156.816955448
50630,72.6450609136
50631,88.5205834086
50632,120.727802022
50633,97.1227914083
50634,118.240870444
50635,71.1580913844
50636,210.847032187
50637,75.5351040171
50638,122.356770785
50639,73.502721581
50640,99.2032283808
50641,56.2679683843
50642,88.8044877457
50643,48.754972578
50644,62.1537750302
50645,107.249354878
50646,124.918338905
50647,74.853017694
50648,62.2214982536
50649,83.4639209277
50650,110.875403078
50651,83.4400435146
50652,61.7456316629
50653,89.2546627281
50654,72.9673380478
50655,59.0888993658
50656,103.665502413
50657,185.221027722
50658,101.268205142
50659,118.974970438
50660,143.83270464
50661,101.342048998
50662,79.0902886505
50663,76.8207940407
50664,81.0003640107
50665,63.9931153482
50666,63.908714451
50667,102.684304873
50668,77.0875657199
50669,130.771055401
50670,105.50793879
50671,49.4538625209
50672,114.218171755
50673,54.9112430991
50674,51.1731441455
50675,70.1566068637
50676,160.328783152
50677,14.7842105641
50678,114.922169425
50679,108.859403473
50680,78.9897878873
50681,152.544038781
50682,89.2927367845
50683,102.536948841
50684,122.925697312
50685,199.213866206
50686,58.3567089843
50687,121.670801036
50688,131.073376025
50689,55.6115925046
50690,116.417409236
50691,28.3878118455
50692,95.0959576619
50693,98.1633337803
50694,68.4134370684
50695,169.731910762
50696,84.057907453
50697,137.998207985
50698,178.768484958
50699,100.982993575
50700,69.0840836625
50701,64.2342160054
50702,123.683842406
50703,94.2381236791
50704,88.1658527766
50705,59.1777724639
50706,69.4439202213
50707,42.2700450215
50708,180.33145806
50709,52.3331696403
50710,104.248399912
50711,174.140589482
50712,108.228945778
50713,79.6977288121
50714,130.239015673
50715,115.006730496
50716,52.1233354417
50717,103.688118642
50718,154.635242646
50719,68.4039677604
50720,137.599317081
50721,121.922679627
50722,161.145613184
50723,73.8375694079
50724,67.1724045328
50725,125.071435132
50726,74.3059395198
50727,68.2627242729
50728,99.7645321011
50729,77.7717282889
50730,204.810173038
50731,191.54029336
50732,68.3291091319
50733,59.1893455953
50734,180.164451523
50735,173.488808557
50736,120.485198949
50737,112.054858866
50738,145.9210811
50739,80.1243508062
50740,62.246230013
50741,93.118757029
50742,139.008820366
50743,162.698120316
50744,56.4293891035
50745,78.1504485467
50746,145.616058794
50747,56.0578020879
50748,89.3897891747
50749,38.5851346125
50750,118.752864008
50751,55.6060696585
50752,49.025107107
50753,127.420419913
50754,61.9239977082
50755,53.7955092301
50756,72.2959608892
50757,107.783341979
50758,78.5237930267
50759,141.721834627
50760,58.1298678984
50761,179.487002982
50762,77.5999314588
50763,21.9972200685
50764,112.510005879
50765,62.514724566
50766,47.2840366789
50767,110.716361823
50768,86.6794072683
50769,63.1850804982
50770,69.0951490938
50771,68.3570346754
50772,154.419608211
50773,76.8758750517
50774,100.274235101
50775,44.3592320449
50776,166.530843703
50777,137.080404556
50778,91.8265614579
50779,231.972181092
50780,98.5741048148
50781,88.2577854425
50782,66.7991362547
50783,79.4926995018
50784,130.109854712
50785,82.4191423719
50786,70.7216793045
50787,92.8551489361
50788,162.555875945
50789,91.187213954
50790,39.6661778038
50791,29.6553710651
50792,108.39444532
50793,54.801293356
50794,55.2611178668
50795,79.2759335305
50796,99.2042446001
50797,107.210847424
50798,155.170798349
50799,117.362406732
50800,151.066864336
50801,176.7095719
50802,107.693147288
50803,79.7989529026
50804,129.857321287
50805,139.652098716
50806,57.0475061207
50807,109.967718127
50808,126.714922708
50809,90.815608104
50810,117.642595386
50811,90.1341118981
50812,107.019937497
50813,148.99524498
50814,76.7880744395
50815,94.1086957754
50816,108.001125315
50817,156.444279124
50818,100.552599809
50819,113.82543109
50820,215.87905703
50821,69.219989519
50822,242.506652794
50823,60.8861938385
50824,172.805712489
50825,86.6047101103
50826,86.5799990572
50827,175.946086537
50828,83.8847776825
50829,88.3037388921
50830,104.566262633
50831,96.9447540762
50832,152.688409597
50833,118.846055297
50834,118.325567264
50835,86.2344439479
50836,59.4548268972
50837,153.352374081
50838,115.747822189
50839,47.6971854193
50840,97.6407729181
50841,129.790240272
50842,30.3662264951
50843,121.111238512
50844,51.9286282639
50845,42.48658976
50846,51.500734737
50847,51.8128698186
50848,64.4199293848
50849,88.5010466205
50850,106.198050011
50851,79.3114012394
50852,76.8589239747
50853,112.513944266
50854,70.6736297244
50855,96.2912253203
50856,108.374263393
50857,69.4999376012
50858,121.765602427
50859,58.3737125785
50860,50.3352931378
50861,225.686011749
50862,90.5803394598
50863,121.153869514
50864,93.3394702238
50865,158.857910576
50866,82.0415989144
50867,80.8795940434
50868,99.8799249756
50869,63.1215039291
50870,80.0853896582
50871,114.025952374
50872,61.2956716895
50873,127.419006965
50874,81.0072020516
50875,67.8756962367
50876,140.19893098
50877,98.5764648704
50878,90.7669085726
50879,187.83905142
50880,51.1244809067
50881,61.8179484722
50882,186.582132539
50883,96.9182119615
50884,144.568880615
50885,139.902688334
50886,126.904423232
50887,114.368460233
50888,69.9111708885
50889,141.090693705
50890,89.53135098
50891,51.9018087921
50892,106.137725142
50893,189.120851377
50894,77.1202865572
50895,82.2883923085
50896,83.3358303679
50897,122.20792513
50898,134.142507239
50899,116.70142626
50900,79.3170480326
50901,95.1394288418
50902,145.752982338
50903,121.511524397
50904,69.2393223935
50905,108.023596814
50906,95.5976183828
50907,72.1719650564
50908,106.319798032
50909,19.546351542
50910,62.2960936689
50911,82.8769798841
50912,73.6027275788
50913,110.736029988
50914,149.951896698
50915,92.3276462827
50916,83.3863806706
50917,161.418967486
50918,146.532526674
50919,119.911690291
50920,53.6585288299
50921,141.647923035
50922,120.301074345
50923,129.445064508
50924,193.776229434
50925,71.5184993759
50926,188.0963442
50927,151.301578895
50928,94.1340879289
50929,84.2034224808
50930,90.9724215049
50931,70.3415938241
50932,136.816054104
50933,49.0788997262
50934,85.3442834816
50935,101.401537344
50936,85.4431568426
50937,58.6799135598
50938,119.620565341
50939,92.0974597598
50940,142.649696849
50941,98.2704996005
50942,133.360892097
50943,81.3663086276
50944,149.381136348
50945,128.140440879
50946,65.8880007381
50947,108.89905767
50948,59.4154316752
50949,58.5172403171
50950,124.644232308
50951,92.2327827797
50952,91.8621894738
50953,87.8448109167
50954,69.3382682978
50955,85.4081930364
50956,124.787221208
50957,37.6619094751
50958,130.68424975
50959,104.995449277
50960,164.463609747
50961,54.8817921902
50962,94.307157387
50963,83.0237286233
50964,190.337093795
50965,69.9434418817
50966,91.3684174208
50967,273.980089486
50968,62.4299816912
50969,86.181497263
50970,107.328800709
50971,97.1310659435
50972,60.4396573456
50973,98.6862726329
50974,270.651332467
50975,159.636132738
50976,42.0451343922
50977,109.426283795
50978,108.160058694
50979,42.0863994474
50980,81.342058962
50981,111.72459785
50982,91.4199291998
50983,71.1812786461
50984,167.447635421
50985,54.9685777504
50986,130.23315436
50987,97.8094005145
50988,103.039799567
50989,173.162803179
50990,88.711872353
50991,13.1141982961
50992,125.237768098
50993,81.0825763959
50994,96.7990896929
50995,90.1176875333
50996,31.9126176129
50997,120.038579173
50998,72.0516183165
50999,96.4043862255
51000,81.6742614744
51001,132.003586396
51002,65.2992056379
51003,120.855370058
51004,58.2732303291
51005,95.6691699541
51006,58.390860664
51007,58.6742922171
51008,121.552857894
51009,31.4593054396
51010,64.7643744726
51011,102.464613794
51012,127.685395575
51013,67.3479429483
51014,149.111254205
51015,127.115814041
51016,92.5259368439
51017,61.3205943694
51018,104.952326621
51019,58.3941752202
51020,80.9261520324
51021,70.6686458047
51022,116.866932021
51023,83.4213049607
51024,84.192688808
51025,67.8019025732
51026,92.8087852757
51027,71.2427220571
51028,82.7065946958
51029,92.4667681962
51030,106.624364752
51031,56.2462771395
51032,124.829624606
51033,86.0096444037
51034,79.6482933542
51035,134.094593207
51036,70.1223378378
51037,224.854066131
51038,79.7615808098
51039,121.836449094
51040,168.275432611
51041,100.004718137
51042,147.654420343
51043,89.6837931386
51044,72.8681585838
51045,68.5231094313
51046,49.8626730041
51047,129.991528021
51048,138.544351263
51049,66.5502113624
51050,70.4578182418
51051,104.120417517
51052,154.722737314
51053,88.1079545216
51054,133.251849347
51055,79.462390506
51056,47.5041976617
51057,121.101525123
51058,100.693019608
51059,65.7789846109
51060,148.682917948
51061,92.3811099456
51062,192.640793587
51063,172.089243455
51064,112.667136607
51065,64.8346738629
51066,77.33996116
51067,201.09364578
51068,70.7859300772
51069,139.650936097
51070,129.621312104
51071,145.265907901
51072,171.53791319
51073,133.73489913
51074,75.0772228877
51075,83.6563551532
51076,74.4844072754
51077,223.987078944
51078,66.7302513651
51079,147.843739756
51080,97.2400285025
51081,158.629566186
51082,124.600539646
51083,68.6081974963
51084,68.4433161309
51085,123.525100188
51086,110.072811813
51087,60.5016320389
51088,130.848238718
51089,197.077218879
51090,68.094666267
51091,105.615944204
51092,116.043357608
51093,107.700458941
51094,61.9643783376
51095,113.465801414
51096,139.973319477
51097,145.018609787
51098,85.2499072791
51099,85.9661884524
51100,94.6876466375
51101,51.7493968245
51102,80.2375549185
51103,103.949959878
51104,80.1579081283
51105,98.7809006414
51106,141.654647859
51107,122.710603609
51108,60.2552931843
51109,51.5902514912
51110,101.726718797
51111,137.051940963
51112,68.6903690689
51113,15.1488331088
51114,66.9548912915
51115,66.9886234018
51116,97.4199299027
51117,144.481760965
51118,60.784660862
51119,72.0214973164
51120,121.156790366
51121,54.8862653778
51122,101.270547997
51123,56.7137496435
51124,57.4762636676
51125,118.748797564
51126,112.374794279
51127,123.26122854
51128,101.250272969
51129,119.271312413
51130,63.9546135102
51131,94.4881188017
51132,88.5664361859
51133,102.961135615
51134,122.52010389
51135,57.7211662601
51136,188.853763079
51137,84.925593116
51138,164.108699155
51139,188.039469067
51140,96.0935792259
51141,108.524668199
51142,84.2935806717
51143,134.581129341
51144,116.7164414
51145,111.632226695
51146,66.9132198741
51147,183.049562241
51148,65.807807744
51149,66.3544476937
51150,94.5139319694
51151,98.373978351
51152,65.3912341667
51153,31.190805562
51154,49.9765851178
51155,28.5806701362
51156,55.0738906043
51157,80.0933130565
51158,96.0681535562
51159,46.144994755
51160,73.3153613887
51161,172.588894469
51162,149.131831701
51163,56.6597080504
51164,73.0678208639
51165,95.3877218137
51166,32.3801133466
51167,47.8236728968
51168,73.6696657228
51169,61.9879515147
51170,132.130767876
51171,97.5034076668
51172,84.1234169284
51173,67.9369205443
51174,215.54391731
51175,93.8616782635
51176,100.678401653
51177,103.059856517
51178,120.301782992
51179,41.8353611937
51180,114.430659531
51181,240.344642408
51182,68.8027879967
51183,60.0305127382
51184,94.8893016367
51185,113.936716405
51186,89.5080461992
51187,93.4684554193
51188,142.873681585
51189,73.8164640262
51190,62.0119114997
51191,134.403623897
51192,95.1308219977
51193,110.195116294
51194,76.3657552175
51195,98.1016409677
51196,84.7323175603
51197,147.86340548
51198,105.000532008
51199,102.137280999
51200,271.428174114
51201,64.9887223387
51202,78.6837426597
51203,81.3761730299
51204,85.1396036336
51205,126.76270785
51206,85.7428872823
51207,66.0644072961
51208,91.0564065763
51209,147.39706933
51210,151.555476883
51211,97.3127935398
51212,49.0226156618
51213,108.574998804
51214,106.799472208
51215,63.1205426653
51216,73.3617359991
51217,96.3212706739
51218,254.851902316
51219,73.6621479314
51220,112.731704033
51221,161.906013916
51222,143.353860078
51223,74.5952541339
51224,129.52900907
51225,80.403037918
51226,61.3095325566
51227,85.7887210453
51228,78.8235857703
51229,136.199459588
51230,98.2659595711
51231,113.423393571
51232,128.954191687
51233,115.132559653
51234,84.8374888338
51235,76.2085251033
51236,88.3378373442
51237,90.3729108707
51238,158.987200601
51239,76.0308922513
51240,84.2635326697
51241,100.236267507
51242,65.0006741615
51243,141.821136175
51244,78.2287299088
51245,105.017219896
51246,56.4576501109
51247,60.2489089502
51248,115.380267095
51249,140.520590624
51250,85.8388936302
51251,81.5987851879
51252,87.8230169215
51253,156.521599866
51254,109.232517687
51255,138.0570383
51256,177.492376428
51257,120.006474115
51258,89.9666014679
51259,101.803477028
51260,89.6160110694
51261,87.6389408115
51262,125.804889408
51263,55.8649183012
51264,79.4188837468
51265,52.9513421268
51266,181.386673493
51267,95.907311044
51268,100.123546769
51269,134.349268537
51270,52.9617788983
51271,79.0156050574
51272,49.7403267627
51273,85.875834997
51274,97.3865127498
51275,126.893449368
51276,145.549005212
51277,97.5098559211
51278,115.406395147
51279,85.0525215926
51280,122.098129083
51281,42.1624727675
51282,116.974146135
51283,62.9917362333
51284,196.129439249
51285,136.71619842
51286,83.4830952269
51287,68.8347419777
51288,40.62107437
51289,113.825783326
51290,136.206885246
51291,94.2708882318
51292,103.247243226
51293,147.699595232
51294,115.084192075
51295,66.0695019288
51296,106.699662803
51297,56.8178770091
51298,123.007069637
51299,102.154383704
51300,80.7118908547
51301,48.2822990219
51302,107.076057808
51303,146.731218963
51304,89.831687661
51305,50.3146091355
51306,63.9650373915
51307,64.3824476845
51308,143.528130686
51309,81.504704322
51310,111.157920703
51311,74.7036794193
51312,97.4050318896
51313,64.2306071747
51314,129.847161333
51315,102.946764102
51316,71.8488520459
51317,93.5575739148
51318,101.203302279
51319,80.9341244481
51320,77.8458170128
51321,87.2324145389
51322,100.713511795
51323,84.1936163819
51324,148.013624109
51325,45.9640149894
51326,130.384651311
51327,52.4365288727
51328,167.10536251
51329,92.5585909592
51330,62.009910448
51331,71.7410025832
51332,158.654552326
51333,90.8591662868
51334,125.727053522
51335,124.465657772
51336,100.065483804
51337,93.3701667282
51338,84.4678419104
51339,113.170814328
51340,77.2637868468
51341,112.520840295
51342,133.880776007
51343,75.3923511031
51344,75.3314537016
51345,85.7764031265
51346,99.2423835743
51347,148.338417701
51348,92.271739137
51349,149.910887124
51350,107.165853594
51351,65.7736426725
51352,65.1673207849
51353,75.1561801389
51354,79.9015035089
51355,84.793790427
51356,102.564256717
51357,145.732029548
51358,105.724351995
51359,62.6081609742
51360,82.8810831905
51361,61.5123921767
51362,78.1342051522
51363,39.0756614715
51364,68.1514887984
51365,50.331063206
51366,138.087829871
51367,140.321996347
51368,254.106436503
51369,143.234911059
51370,62.5139076747
51371,54.1575344027
51372,69.8655618301
51373,90.8535070888
51374,68.1900830805
51375,112.048369918
51376,206.268002808
51377,117.601073703
51378,89.763300688
51379,76.5128635538
51380,93.0514077229
51381,133.559028992
51382,73.1346023429
51383,37.5109201306
51384,158.540568284
51385,95.1679654817
51386,92.0205453697
51387,64.3792065613
51388,113.787048336
51389,67.891317809
51390,189.656099024
51391,95.76528646
51392,82.0496252411
51393,112.857217345
51394,17.4185537395
51395,129.888012394
51396,86.750753383
51397,72.0052438724
51398,79.9194754744
51399,48.6101383003
51400,166.897102361
51401,81.899541582
51402,96.0802483324
51403,68.156526638
51404,101.724138063
51405,98.2797871104
51406,111.323018946
51407,89.0325849197
51408,79.4236249301
51409,187.949854327
51410,211.00110795
51411,128.60512874
51412,84.8872028544
51413,37.615894552
51414,154.098646774
51415,172.655543443
51416,71.3841230759
51417,133.531860121
51418,67.9981993578
51419,54.9353116861
51420,75.9200465304
51421,119.226306431
51422,104.438234777
51423,3.67827812826
51424,87.2448731114
51425,66.9047610841
51426,53.3415689641
51427,84.0390187942
51428,79.2067799349
51429,121.846509962
51430,89.5044771146
51431,117.730323589
51432,96.4995064362
51433,140.942018247
51434,103.715530359
51435,166.008743308
51436,111.771455512
51437,67.073378099
51438,73.3789063772
51439,114.58107858
51440,137.045572569
51441,127.098338336
51442,112.115434379
51443,51.2473137122
51444,65.7779358888
51445,137.239914749
51446,124.498043969
51447,189.42833592
51448,110.939808755
51449,99.6981543225
51450,147.603594982
51451,67.7307774046
51452,177.914402629
51453,69.4869328772
51454,113.669753699
51455,88.862918949
51456,86.1562647783
51457,117.928013263
51458,82.4798244695
51459,48.9611555069
51460,60.9178311456
51461,92.2244330783
51462,107.861683218
51463,77.7388143656
51464,47.1615765069
51465,143.69408093
51466,68.4100285092
51467,65.2860924652
51468,36.7662667131
51469,113.901662568
51470,182.789208417
51471,70.2115709414
51472,68.5917047199
51473,96.027335344
51474,73.0402570643
51475,133.196479149
51476,118.093029913
51477,166.972252685
51478,79.0165500339
51479,67.1418241
51480,113.324593404
51481,138.008767758
51482,82.8125379961
51483,109.43295225
51484,86.116129822
51485,71.8040964255
51486,111.969745477
51487,57.3833745553
51488,38.6762289415
51489,68.1402409775
51490,63.6906747211
51491,89.7427050575
51492,184.160269561
51493,68.4967024633
51494,108.293482334
51495,98.0219989083
51496,144.490380337
51497,108.1600518
51498,133.494322726
51499,70.5359447048
51500,71.9822325879
51501,38.9245916327
51502,124.430619831
51503,111.560474146
51504,91.725003588
51505,74.0331141218
51506,31.9880912351
51507,134.666233864
51508,140.723007269
51509,108.404024527
51510,109.185784597
51511,58.1082492232
51512,90.6268873088
51513,108.135626593
51514,35.2491984892
51515,129.48366664
51516,153.462650117
51517,56.2659796306
51518,79.5987771622
51519,69.1585697535
51520,99.3177631507
51521,95.4409268895
51522,156.356978073
51523,34.415992841
51524,98.2993664643
51525,96.7261980522
51526,89.2376681361
51527,101.839901408
51528,106.800478216
51529,105.414244029
51530,88.2066884686
51531,108.189046477
51532,123.134859873
51533,162.054494117
51534,84.5599432351
51535,65.5084860233
51536,74.3584397163
51537,43.6007356586
51538,87.5698558871
51539,125.766273826
51540,87.2487961657
51541,83.7869890515
51542,150.860193887
51543,112.290704702
51544,107.795912965
51545,76.7337334424
51546,117.013934219
51547,110.062741388
51548,153.624572825
51549,54.0735343137
51550,95.7202168198
51551,110.931667627
51552,119.766406617
51553,82.6013092021
51554,168.688658942
51555,79.3235053222
51556,177.36565694
51557,124.198067396
51558,57.9748097129
51559,54.7704584549
51560,84.3811955225
51561,85.6059056853
51562,101.884771678
51563,80.2405096408
51564,54.1629796609
51565,119.781848896
51566,92.7208841919
51567,117.69375801
51568,83.0258770127
51569,80.6805514057
51570,132.47422531
51571,51.4590722981
51572,58.8655280466
51573,96.3058968985
51574,91.7483436456
51575,119.333031884
51576,62.069798341
51577,86.824942254
51578,201.434373426
51579,137.604004
51580,143.145308768
51581,78.3831012297
51582,66.9973061337
51583,120.332327047
51584,92.1058907489
51585,85.8115983909
51586,84.4894834296
51587,69.6910028833
51588,77.8403367848
51589,174.142890073
51590,50.1888470181
51591,78.8493817425
51592,65.4073501806
51593,91.6023482787
51594,67.9569193609
51595,93.7479398984
51596,73.728120626
51597,84.0175100249
51598,102.352271283
51599,142.107314147
51600,101.748801614
51601,55.44416008
51602,97.0232994901
51603,67.8744719708
51604,76.6468167934
51605,91.1021608019
51606,94.9505498571
51607,195.101246044
51608,89.3624744393
51609,83.5778218989
51610,113.668627038
51611,97.4198442141
51612,61.2039109093
51613,93.0632742268
51614,142.732895248
51615,94.0474431283
51616,62.3759501893
51617,122.009604404
51618,79.9996928919
51619,73.860213879
51620,88.8808194584
51621,60.2048465645
51622,125.538768402
51623,82.713823608
51624,81.0942341326
51625,128.877191143
51626,64.1987229429
51627,126.717754855
51628,75.0405239684
51629,55.3959567991
51630,103.957629819
51631,75.5430098247
51632,85.4012584171
51633,87.3245853014
51634,172.366563801
51635,104.94099082
51636,115.850142036
51637,44.4809770886
51638,126.888403903
51639,28.4854587563
51640,104.615269949
51641,89.5967729695
51642,42.705738189
51643,162.78092797
51644,48.0615161783
51645,100.433715934
51646,37.4294077026
51647,87.7991360865
51648,37.7889595065
51649,77.7976487224
51650,103.033680041
51651,100.132309158
51652,94.4745853953
51653,91.4172335876
51654,132.993868424
51655,87.6664001028
51656,160.689869397
51657,85.4119778425
51658,115.868792798
51659,107.665607342
51660,100.701522545
51661,75.2638003065
51662,91.533810099
51663,93.5062105137
51664,85.8289106202
51665,99.8097643231
51666,53.6808596072
51667,165.893403797
51668,103.037362919
51669,60.7884275786
51670,63.1701503753
51671,95.2194297952
51672,51.4450232783
51673,210.296403559
51674,92.6434449067
51675,96.4536183009
51676,78.8643338109
51677,124.441785331
51678,66.7672882106
51679,119.817767074
51680,66.5797857036
51681,77.9350956328
51682,136.019044897
51683,134.314349757
51684,112.19187939
51685,39.9528080085
51686,117.137733967
51687,59.4042173468
51688,102.429183481
51689,140.082342052
51690,110.208118404
51691,166.248795544
51692,90.2184776746
51693,77.7747340814
51694,77.0800848751
51695,208.480451442
51696,46.480995948
51697,61.1999302213
51698,50.4118472281
51699,55.6180405864
51700,164.412345766
51701,156.732243176
51702,115.621579358
51703,52.1381325299
51704,61.5195974601
51705,75.1785654434
51706,197.011322695
51707,74.5686985582
51708,83.4970470392
51709,57.2978964579
51710,105.618322015
51711,84.8976406342
51712,81.4227919795
51713,78.7752168217
51714,69.2945281745
51715,143.458079001
51716,60.8495420186
51717,118.901228256
51718,90.7504512057
51719,93.9389876814
51720,63.3721353362
51721,206.253611391
51722,131.119311032
51723,142.026337859
51724,112.474604114
51725,80.8532223305
51726,95.4811030658
51727,71.9371295952
51728,96.875798882
51729,102.279084932
51730,91.8374021522
51731,89.5486757479
51732,141.659650795
51733,98.0734509842
51734,134.710713293
51735,72.1107864303
51736,77.6331461633
51737,126.030212511
51738,113.544159043
51739,241.71545257
51740,75.2460387719
51741,33.9722091191
51742,166.865552673
51743,147.40515909
51744,53.8273174654
51745,83.3001184119
51746,136.77661658
51747,65.1868952202
51748,46.9652125165
51749,33.4269865858
51750,73.7953934676
51751,100.599128248
51752,96.2926935909
51753,86.2022515943
51754,144.93383187
51755,260.96252106
51756,95.2804961224
51757,207.729800839
51758,69.6264486166
51759,198.427059474
51760,122.515972653
51761,179.068786657
51762,125.776026949
51763,139.486510582
51764,113.486426882
51765,51.958474662
51766,65.6714416474
51767,69.5643474358
51768,123.088794741
51769,67.1011345022
51770,103.642299231
51771,113.936972955
51772,133.394520986
51773,192.259589906
51774,102.5850529
51775,75.6473619103
51776,53.2083697788
51777,93.7088232745
51778,122.870426137
51779,134.298412106
51780,66.6078517858
51781,37.7865641556
51782,109.279034454
51783,115.855498023
51784,89.7228056874
51785,107.016154972
51786,151.729882827
51787,97.726265104
51788,54.165138005
51789,95.1345662968
51790,72.7453820458
51791,88.1940926647
51792,86.3920982971
51793,154.309293235
51794,65.6293871373
51795,99.1995551487
51796,92.4604669718
51797,118.149588284
51798,102.351340832
51799,96.030457817
51800,85.2030184798
51801,121.888456817
51802,76.8306568007
51803,86.594387426
51804,96.8399518766
51805,82.3201258551
51806,143.271338856
51807,42.0050381997
51808,123.897567177
51809,63.9357315145
51810,79.9798304538
51811,149.466467798
51812,155.407519222
51813,199.197911036
51814,160.872412425
51815,116.30427243
51816,59.3315554867
51817,136.932122306
51818,79.9025046423
51819,133.377359945
51820,117.525188771
51821,77.89990877
51822,56.5066642555
51823,46.5278840572
51824,83.199412773
51825,104.667600031
51826,170.058025324
51827,97.6455595464
51828,72.6337283213
51829,45.3048648364
51830,86.3653510133
51831,51.6679460347
51832,140.392980274
51833,95.5596944793
51834,150.323053353
51835,117.708206842
51836,64.3851807602
51837,56.9946313551
51838,119.301090404
51839,48.4458507517
51840,116.907489833
51841,107.28859045
51842,196.367603525
51843,47.663182642
51844,125.926228491
51845,116.462377831
51846,65.8663269017
51847,103.035308011
51848,49.0193573538
51849,107.193355841
51850,191.07953212
51851,87.3039643436
51852,91.2447580868
51853,130.670185049
51854,78.9159865639
51855,58.3431131412
51856,87.4075923686
51857,153.465128299
51858,129.480428874
51859,96.5982221993
51860,78.8165266808
51861,94.0684892769
51862,225.586706503
51863,120.667188181
51864,82.7141924195
51865,105.194517261
51866,95.089245079
51867,93.792316668
51868,177.221887829
51869,72.2674015526
51870,66.0816041677
51871,85.4179648868
51872,113.01406758
51873,130.989468353
51874,136.70753953
51875,58.4333136378
51876,118.019759917
51877,50.6944317968
51878,48.2335695607
51879,115.617939195
51880,166.090965611
51881,46.4426750712
51882,102.555655645
51883,89.0310186718
51884,103.501145451
51885,87.9965599618
51886,55.3939659548
51887,105.541494303
51888,58.2621761434
51889,77.4790192172
51890,81.8437008319
51891,77.6823790802
51892,47.335612475
51893,202.645456849
51894,130.057706654
51895,40.7966616073
51896,135.389501024
51897,169.223846241
51898,92.2684773579
51899,130.995239318
51900,46.176318662
51901,47.2877970318
51902,72.0771261181
51903,91.7809478085
51904,65.5825571114
51905,46.794369777
51906,88.4626589713
51907,105.240593349
51908,146.161553935
51909,122.825034537
51910,82.5128216002
51911,114.80855481
51912,94.2647302907
51913,207.512878372
51914,97.2539203028
51915,91.4138588629
51916,93.6132471777
51917,138.277205368
51918,71.4440606931
51919,60.6999752314
51920,81.3879301362
51921,167.020058445
51922,85.0920189653
51923,90.0635216381
51924,51.8245147252
51925,139.586951253
51926,135.089567008
51927,137.480790623
51928,183.180183855
51929,79.8322322419
51930,122.373239508
51931,150.167060272
51932,184.216761003
51933,24.8599966397
51934,192.364125041
51935,102.272625597
51936,92.144281115
51937,74.7270830405
51938,263.791939132
51939,92.5376274347
51940,127.91919546
51941,121.121282317
51942,113.067362536
51943,77.8029616296
51944,56.5992464415
51945,151.967371739
51946,111.087273686
51947,138.240524904
51948,117.167033083
51949,85.1038719475
51950,132.941087189
51951,84.8294014713
51952,82.6468792067
51953,68.1988534291
51954,55.4233769402
51955,43.6694178549
51956,111.65049686
51957,105.221386929
51958,100.146746086
51959,128.488813339
51960,101.506377721
51961,53.0443098093
51962,51.0997124761
51963,64.6796412826
51964,58.0904500083
51965,51.1041033462
51966,159.52406854
51967,104.003160744
51968,78.8558153671
51969,49.0098613662
51970,73.2045491031
51971,104.55653235
51972,98.8689861163
51973,266.036903669
51974,92.2055279029
51975,39.8051773481
51976,203.56026386
51977,126.004656209
51978,127.660433743
51979,58.372781558
51980,116.962299986
51981,60.4264677592
51982,107.621375852
51983,56.8451038499
51984,218.843862988
51985,82.1915608699
51986,174.048099753
51987,109.349318263
51988,129.872463747
51989,106.052741642
51990,65.9634009715
51991,42.7725873368
51992,81.1364419631
51993,93.2683240294
51994,71.7800506899
51995,102.836284221
51996,66.6173863049
51997,56.3687355585
51998,82.7564659591
51999,60.4421820716
52000,53.8598823512
52001,69.0833230993
52002,123.082345465
52003,77.4536649825
52004,82.6531761178
52005,111.394401153
52006,120.739383145
52007,81.4623348643
52008,68.8210847878
52009,155.203843181
52010,124.009239131
52011,51.6515154856
52012,89.5172575632
52013,61.6702687197
52014,56.5222646667
52015,91.0368230291
52016,156.270828079
52017,146.875892562
52018,57.7411853702
52019,105.024268075
52020,105.66827564
52021,89.3949645883
52022,107.684315397
52023,107.583454224
52024,160.649868468
52025,130.865224046
52026,150.422352868
52027,112.048956726
52028,165.684098536
52029,88.4982437206
52030,101.293729663
52031,78.6351526871
52032,104.236865621
52033,75.326739069
52034,53.2447131289
52035,64.5315469059
52036,74.1340338177
52037,114.518432893
52038,128.542216539
52039,52.4579291199
52040,130.904251621
52041,99.6615875855
52042,99.236298969
52043,165.964929965
52044,102.086373681
52045,126.680474473
52046,89.2931717512
52047,100.496465836
52048,139.936526615
52049,79.6477197473
52050,27.232143656
52051,105.126178549
52052,113.685271035
52053,98.6182481142
52054,103.314063405
52055,71.495315663
52056,66.8523370868
52057,86.8613273767
52058,174.416687818
52059,144.060526611
52060,76.2511124745
52061,99.8324960889
52062,76.1026762955
52063,176.398422566
52064,122.164914831
52065,69.2476566815
52066,63.8395287139
52067,82.8508217766
52068,93.0205940791
52069,69.3350098034
52070,70.7448935692
52071,156.01411798
52072,212.404894835
52073,83.1670599107
52074,93.8896565256
52075,90.8365182313
52076,92.6888149468
52077,77.915749219
52078,45.6624462509
52079,78.0191115365
52080,87.6614995613
52081,63.2957499941
52082,86.5408429634
52083,116.908888505
52084,91.6695955167
52085,82.169522004
52086,116.363502531
52087,122.273350078
52088,147.776001734
52089,87.2469764902
52090,83.3292201786
52091,100.521453279
52092,120.73154456
52093,62.2424427373
52094,83.0492423519
52095,58.2544684905
52096,88.8177800625
52097,84.4450824064
52098,103.334648794
52099,62.5889782965
52100,65.4528546195
52101,33.0098241498
52102,85.0730802384
52103,117.251166524
52104,97.4384461628
52105,86.1426032439
52106,94.8639224961
52107,84.3801994709
52108,80.390033869
52109,117.23614361
52110,63.0308289071
52111,117.93863829
52112,52.9718942611
52113,47.852390131
52114,127.99039044
52115,52.5950575605
52116,60.6826877939
52117,62.0718900724
52118,46.2183103117
52119,62.8044976418
52120,144.317545627
52121,165.830520604
52122,114.565265137
52123,61.0158616213
52124,63.5058007757
52125,174.228417252
52126,63.6412670834
52127,137.43906967
52128,55.1567264618
52129,75.6382915891
52130,129.154364674
52131,159.102600521
52132,172.56773577
52133,92.0012881557
52134,143.38055321
52135,88.4568192003
52136,83.9921514284
52137,47.7529395665
52138,82.1168441307
52139,132.457225256
52140,81.5532251172
52141,90.2228661073
52142,89.7113077603
52143,115.759386727
52144,151.926361915
52145,107.733635242
52146,56.7561145943
52147,168.173828761
52148,105.953066678
52149,61.4721419227
52150,180.821755091
52151,77.101322037
52152,163.037010992
52153,99.1788941479
52154,113.89853156
52155,115.589614344
52156,81.7583435684
52157,192.778912545
52158,58.3722034102
52159,61.8008993464
52160,20.1486218776
52161,147.532920216
52162,93.5750427486
52163,59.0311421442
52164,68.3242916491
52165,74.6509740342
52166,88.1130956786
52167,85.7122006342
52168,104.106293758
52169,70.9666487245
52170,81.7598959049
52171,137.06893816
52172,60.7961381029
52173,214.275762749
52174,80.6417781812
52175,16.3210925185
52176,78.1338772088
52177,100.589843688
52178,45.8954958971
52179,161.054286858
52180,64.9827514408
52181,70.5340567714
52182,70.6542407816
52183,42.0032549447
52184,45.2431730598
52185,64.7318826512
52186,75.997204752
52187,73.1640564546
52188,58.1446759107
52189,77.2847593736
52190,101.328028272
52191,97.7561213142
52192,139.787128276
52193,87.0302066882
52194,85.8694785761
52195,59.8538902501
52196,87.8081990523
52197,73.9475404002
52198,136.765906946
52199,32.4270151466
52200,37.8213881943
52201,83.7483001561
52202,112.126968363
52203,64.5915413096
52204,56.3849755904
52205,170.170416317
52206,107.162581658
52207,103.853476827
52208,81.1649531939
52209,102.689206504
52210,81.3319639471
52211,67.1469789664
52212,118.40992844
52213,130.410128587
52214,120.160948579
52215,112.875894437
52216,63.6205310589
52217,216.120881983
52218,62.2876810047
52219,46.4646898711
52220,85.6422448958
52221,57.5808775348
52222,77.3987831343
52223,105.865231684
52224,104.09901411
52225,86.3848986089
52226,108.968870873
52227,90.7047439744
52228,45.0538810161
52229,103.691794267
52230,92.3451845832
52231,97.7536373598
52232,79.6289488624
52233,79.1717331126
52234,71.3957217386
52235,74.208980237
52236,145.724851513
52237,108.540478038
52238,86.9308648637
52239,69.1069384656
52240,60.5517860323
52241,93.83804768
52242,47.3924167703
52243,39.3663635841
52244,120.534801382
52245,110.367886758
52246,59.2538300713
52247,89.2745484872
52248,59.5360100374
52249,67.8341021052
52250,193.902430994
52251,103.553067054
52252,31.9355868981
52253,92.3830605785
52254,84.4714184774
52255,86.3851256888
52256,148.753950155
52257,59.4736532482
52258,63.8887421718
52259,79.068451314
52260,145.700506389
52261,29.6394435187
52262,77.6078806198
52263,95.9596601024
52264,190.221956909
52265,76.7160075337
52266,40.4816769359
52267,58.0032880169
52268,90.6018358803
52269,103.23314505
52270,83.2877427968
52271,66.4973218885
52272,104.988062385
52273,289.649991471
52274,100.257073654
52275,89.5172133601
52276,119.270854639
52277,76.5028311226
52278,77.4933564419
52279,105.227950986
52280,70.0848906815
52281,82.0522544641
52282,103.581102216
52283,124.730658209
52284,46.8968829639
52285,132.944402444
52286,142.715275751
52287,49.2949171337
52288,120.71980977
52289,103.819670233
52290,76.4078394756
52291,140.336604912
52292,127.08856394
52293,156.781320394
52294,90.6844584642
52295,118.204293314
52296,68.7225582581
52297,58.3837851968
52298,90.9036641728
52299,62.2492737294
52300,283.357576147
52301,240.569539066
52302,121.368555815
52303,94.1851023238
52304,147.526459678
52305,135.335369033
52306,73.4640144246
52307,207.171931322
52308,107.332818077
52309,73.4396639384
52310,88.5106279704
52311,97.5661725733
52312,56.4273439393
52313,93.8851171035
52314,53.50943303
52315,70.5201367057
52316,85.2493745543
52317,88.1963211502
52318,89.2026275684
52319,82.1214095292
52320,66.6964136125
52321,69.211168769
52322,377.238376939
52323,107.25184344
52324,46.0035832144
52325,160.112657306
52326,83.1757079417
52327,67.8269826171
52328,72.3303848125
52329,70.914303635
52330,72.2751918743
52331,193.8880107
52332,63.5774823458
52333,66.9322843015
52334,124.441603236
52335,81.9259735699
52336,67.0020229766
52337,100.036335127
52338,145.998420976
52339,89.6273090372
52340,80.5033665307
52341,108.658165308
52342,120.27827568
52343,120.886860812
52344,106.579831185
52345,84.6937670114
52346,115.975076441
52347,89.5249663204
52348,140.234495289
52349,112.73102267
52350,145.44421126
52351,86.5016144837
52352,93.8071943678
52353,7.85096877319
52354,82.4819364274
52355,71.2096415446
52356,68.3417358566
52357,124.801494876
52358,110.737639781
52359,56.3586911474
52360,68.9474385735
52361,88.05154043
52362,116.149803469
52363,93.2139411208
52364,105.314086923
52365,96.3564816405
52366,112.648175169
52367,101.064702589
52368,93.09188788
52369,142.625934098
52370,56.0289702535
52371,97.270174441
52372,80.9673219641
52373,104.674647213
52374,96.5462246084
52375,101.010775484
52376,50.8902503738
52377,101.769755794
52378,71.1627324909
52379,76.3648404049
52380,86.5504345868
52381,57.006464875
52382,117.594083994
52383,110.585832609
52384,87.0029785648
52385,91.8250829744
52386,118.0182934
52387,83.5592071157
52388,94.4219467344
52389,66.6346693128
52390,197.348080256
52391,139.901017065
52392,251.422180983
52393,184.330548439
52394,111.350454185
52395,79.5439334506
52396,145.519702378
52397,55.8197343229
52398,87.1847241037
52399,69.4799735259
52400,76.4646661169
52401,85.5468475557
52402,90.3939550385
52403,49.7427589674
52404,90.025524677
52405,128.658832876
52406,138.424212583
52407,43.1115569012
52408,61.7114041083
52409,113.834920854
52410,51.7611248884
52411,78.4034190057
52412,120.192929918
52413,136.932780895
52414,46.9823104805
52415,122.669173808
52416,122.564185358
52417,95.4597890029
52418,122.666716482
52419,117.379715731
52420,62.7712733624
52421,80.0780707507
52422,109.193710277
52423,76.2962029393
52424,113.668151698
52425,88.3715851263
52426,91.114002072
52427,96.1213638743
52428,67.5983861052
52429,49.6306143076
52430,44.2145734411
52431,140.115464447
52432,114.733024758
52433,40.2902721484
52434,77.8963561512
52435,145.153670895
52436,125.810601791
52437,67.8258553046
52438,63.3486613417
52439,96.4437411196
52440,203.707447139
52441,89.410676751
52442,98.1754494015
52443,103.018475205
52444,64.4475927565
52445,79.908041532
52446,61.2834831147
52447,70.2680024848
52448,74.4334231113
52449,78.9152195267
52450,64.5087949373
52451,61.8128585179
52452,159.022284209
52453,72.1851434209
52454,172.130204012
52455,110.1343712
52456,106.295610917
52457,46.0631457406
52458,38.8623760216
52459,54.1896140183
52460,66.56975117
52461,81.6269027473
52462,74.327328216
52463,40.3243892937
52464,43.4586977311
52465,96.7480836836
52466,97.415925193
52467,35.9487686047
52468,75.1310866468
52469,94.8916484017
52470,20.650080921
52471,89.8916777911
52472,36.2906241133
52473,119.064044011
52474,92.070298839
52475,91.3535638396
52476,41.4728165448
52477,68.1321228999
52478,71.416981165
52479,97.30018795
52480,232.238595169
52481,94.6910781635
52482,68.4987177251
52483,57.0950623063
52484,33.298520276
52485,92.253585669
52486,101.071661422
52487,115.756680585
52488,76.7314684666
52489,84.6625677885
52490,84.5154823929
52491,38.044737048
52492,126.038351133
52493,144.037263156
52494,66.5344107996
52495,51.2908928728
52496,47.8268032953
52497,106.908645813
52498,66.1801131237
52499,57.1703358744
52500,133.933660565
52501,66.9131682376
52502,62.9869905124
52503,112.251797603
52504,96.7767817116
52505,94.5093283051
52506,28.3442927805
52507,122.551997278
52508,269.231437463
52509,52.19440212
52510,40.2344721388
52511,82.06094016
52512,125.755463568
52513,51.8123958927
52514,53.925639357
52515,111.5402194
52516,140.478257496
52517,121.537856108
52518,67.0756890468
52519,71.8956771839
52520,97.0924585629
52521,135.910321712
52522,69.9272257498
52523,62.4347193584
52524,72.7996023912
52525,126.544923529
52526,112.408530588
52527,105.114316638
52528,140.089257585
52529,133.615759541
52530,132.315230714
52531,83.9919797604
52532,51.1330631697
52533,73.7793156076
52534,97.1244282788
52535,58.310677967
52536,102.157984818
52537,126.738837784
52538,147.584838155
52539,51.6191446481
52540,119.97036355
52541,87.81137457
52542,69.07660556
52543,79.8497037913
52544,85.2017394482
52545,103.488947512
52546,51.2802462527
52547,31.8372405751
52548,76.6942200552
52549,138.978269831
52550,67.5808518618
52551,98.7165725778
52552,93.6957084362
52553,186.130895961
52554,58.7171296063
52555,48.7130547639
52556,81.7446193338
52557,103.569947361
52558,129.815279947
52559,157.335670581
52560,68.0848579091
52561,50.4923808812
52562,50.3191821976
52563,101.966793321
52564,79.6697356034
52565,116.438241464
52566,173.29435419
52567,68.4062381132
52568,137.078905492
52569,65.9263529005
52570,54.301016134
52571,86.2500194273
52572,107.568714165
52573,163.994050105
52574,145.151266877
52575,79.0474996077
52576,60.4720982904
52577,119.723845095
52578,88.7976221396
52579,89.2243407413
52580,135.682785263
52581,75.4562936682
52582,97.7240473287
52583,52.1459570754
52584,54.3810028864
52585,71.746399945
52586,44.5894077964
52587,93.5389103676
52588,73.826412314
52589,87.8020405495
52590,94.5455488187
52591,101.196285206
52592,55.5315866083
52593,90.4147935408
52594,108.729484476
52595,83.8109417024
52596,49.7162858616
52597,59.9194764892
52598,76.1001199467
52599,77.4296987103
52600,127.014755249
52601,169.274980942
52602,114.09831775
52603,161.944081524
52604,52.0934504329
52605,101.531994386
52606,112.658707395
52607,89.9839676127
52608,82.9685296631
52609,85.0985828363
52610,92.8270884407
52611,157.863903095
52612,176.345582923
52613,114.742313421
52614,91.9040017506
52615,122.117782911
52616,37.3455665254
52617,166.769442236
52618,144.575705771
52619,97.0324349613
52620,64.7500708479
52621,133.972089135
52622,73.6174184362
52623,59.1904884187
52624,67.1026976984
52625,96.7246176435
52626,106.313688999
52627,71.1290783873
52628,101.775093089
52629,92.8986530196
52630,137.081827878
52631,86.0872259537
52632,85.9379143211
52633,113.878262162
52634,84.7264412707
52635,78.8719849156
52636,95.1591686823
52637,131.392524925
52638,116.674850803
52639,73.9933246047
52640,52.7393642709
52641,78.5246837286
52642,77.967658434
52643,200.121461534
52644,82.9355586818
52645,103.681881799
52646,93.3745898171
52647,113.184591347
52648,122.145754806
52649,66.566703999
52650,81.9042293691
52651,119.726168589
52652,51.0086401501
52653,87.858206415
52654,129.007867128
52655,131.452976965
52656,53.5723100577
52657,96.6418143269
52658,52.1352947478
52659,46.6137250847
52660,182.693861591
52661,104.798021355
52662,124.960777714
52663,94.9681565914
52664,170.369061262
52665,61.4061495318
52666,157.453224567
52667,90.8822892416
52668,224.137917735
52669,101.099983393
52670,101.999565105
52671,126.191196158
52672,88.0191819903
52673,101.573360807
52674,70.0279914153
52675,118.174374451
52676,65.3051005634
52677,142.485666914
52678,103.460859561
52679,151.001147446
52680,121.072585087
52681,60.6159279973
52682,77.8651522432
52683,92.7672476703
52684,77.239261155
52685,115.216859625
52686,70.385722502
52687,124.483459074
52688,49.843510793
52689,97.3150288218
52690,164.819678423
52691,132.572088996
52692,91.5249174772
52693,96.5706180003
52694,117.830040853
52695,51.543464352
52696,80.8076987661
52697,71.544308224
52698,73.4826002422
52699,82.5986724606
52700,93.8599378445
52701,39.506500768
52702,74.2716314568
52703,56.6904836636
52704,126.739562865
52705,177.392690767
52706,135.205495564
52707,142.84331894
52708,51.8063533371
52709,101.647123533
52710,104.570104239
52711,200.469094636
52712,86.5976370002
52713,179.363921244
52714,60.2036659963
52715,66.8528212174
52716,86.6500780526
52717,90.0316489981
52718,74.8841833503
52719,144.136591906
52720,57.9673283088
52721,129.372658911
52722,120.427939733
52723,49.1727355234
52724,95.7161262617
52725,104.630819501
52726,64.7746787129
52727,120.437702193
52728,37.5857449859
52729,49.0078993585
52730,102.844328572
52731,154.314284833
52732,86.605251063
52733,126.915492956
52734,61.8102739546
52735,203.554925731
52736,151.416259071
52737,115.77102839
52738,48.012913219
52739,40.9978246601
52740,53.4343757816
52741,70.3774579968
52742,77.9385115551
52743,106.78988663
52744,152.208110025
52745,79.3895455174
52746,102.882784634
52747,115.947730345
52748,81.4390108416
52749,110.637052153
52750,36.6716317048
52751,166.207808487
52752,117.321187035
52753,71.9078668405
52754,59.7488981274
52755,69.6517536875
52756,148.979622704
52757,47.8017745527
52758,86.185309378
52759,131.99332114
52760,108.933844191
52761,89.8270580785
52762,58.9247155205
52763,75.9220989678
52764,132.461602347
52765,122.349457541
52766,168.590097644
52767,82.7876297989
52768,79.7424020634
52769,212.291190137
52770,129.335331378
52771,82.1012078775
52772,69.1086306801
52773,149.540334068
52774,76.7620489231
52775,74.3171767348
52776,124.510010364
52777,91.1548444551
52778,86.8838557982
52779,58.728607566
52780,15.4206491841
52781,48.7166669751
52782,213.816658985
52783,110.044019883
52784,50.8154763134
52785,158.457379594
52786,103.831653517
52787,64.1899398739
52788,118.227802891
52789,62.6687756208
52790,122.882494724
52791,71.791672678
52792,105.006745877
52793,218.371885055
52794,91.9059219699
52795,50.3524030783
52796,139.321237098
52797,43.9561214973
52798,97.593718299
52799,96.2964449964
52800,69.3958436747
52801,156.884997181
52802,183.586088202
52803,118.659753192
52804,85.3834235877
52805,102.211335027
52806,144.037448398
52807,132.696890714
52808,78.5371007063
52809,154.730742704
52810,69.6910877275
52811,99.8274753922
52812,105.715754559
52813,52.0562868969
52814,180.729937048
52815,83.0701142372
52816,167.143554402
52817,121.451644054
52818,104.965375961
52819,190.490460353
52820,147.873058921
52821,96.7318694628
52822,97.2177568559
52823,105.290007889
52824,77.969206404
52825,26.7015901951
52826,115.656738831
52827,61.9090918713
52828,88.4381067327
52829,74.1971015265
52830,73.3540405596
52831,75.1859587981
52832,130.644968886
52833,191.426267328
52834,102.950405584
52835,82.9522600576
52836,71.2041252575
52837,81.4838100627
52838,89.0331043384
52839,91.6870546168
52840,60.4236954756
52841,96.201602023
52842,83.7138976278
52843,74.8461330782
52844,104.723860503
52845,102.013578161
52846,72.9223334863
52847,57.2139822915
52848,86.0566663365
52849,90.1567162835
52850,116.171218906
52851,76.027534741
52852,89.3822483351
52853,86.0212981652
52854,113.758020861
52855,92.5494271306
52856,110.57598201
52857,98.6067410201
52858,141.043792027
52859,104.254173766
52860,55.4181289644
52861,111.008160895
52862,39.5712194814
52863,71.2512344676
52864,104.067355687
52865,350.802143192
52866,66.7121605238
52867,72.453335278
52868,129.306428838
52869,92.2174275111
52870,72.8245810029
52871,132.702229847
52872,78.0235171237
52873,123.668654683
52874,66.2834952825
52875,60.3644887724
52876,148.051459251
52877,105.051873363
52878,80.0279477791
52879,70.7909322534
52880,27.827761956
52881,68.3378327133
52882,91.1843720195
52883,79.2113182237
52884,64.5119370845
52885,76.3712549716
52886,74.3517444695
52887,53.7938887303
52888,83.0794551573
52889,116.00860597
52890,108.243868737
52891,63.5009151318
52892,56.9186704898
52893,47.1093738059
52894,74.9204504315
52895,78.7735522754
52896,113.526477461
52897,53.739392991
52898,60.2024800389
52899,61.6237676495
52900,64.0144049528
52901,126.618658465
52902,81.0122547989
52903,117.844343032
52904,94.2037936465
52905,101.448772563
52906,97.7491209615
52907,83.4938519371
52908,62.8166580752
52909,157.891122616
52910,79.9315808507
52911,66.7946846064
52912,143.676825473
52913,105.852019788
52914,92.491959021
52915,62.4196039693
52916,47.0468051943
52917,203.38845154
52918,69.4335411602
52919,55.066890991
52920,194.522866991
52921,85.2518647411
52922,121.680103836
52923,81.1059044375
52924,69.6402879056
52925,89.9139710193
52926,74.1690803321
52927,82.102340722
52928,120.507583288
52929,15.0909058248
52930,65.6834813237
52931,90.9941855017
52932,137.941855378
52933,86.8945934245
52934,68.1586504358
52935,183.273729533
52936,83.3058848264
52937,83.6778650589
52938,109.972553232
52939,60.2521569021
52940,71.6102728151
52941,199.675536895
52942,119.739649972
52943,89.4317559993
52944,75.9624422315
52945,92.0389873951
52946,78.7504638656
52947,73.3647364235
52948,106.208005677
52949,67.5793334637
52950,65.7452379814
52951,75.1122423517
52952,84.3926200543
52953,71.1541740076
52954,104.21923992
52955,93.0333248362
52956,101.222425588
52957,81.3058950781
52958,69.2639015573
52959,96.1747862801
52960,74.0123210311
52961,98.7950401871
52962,65.7678388031
52963,42.1371044664
52964,67.2146833187
52965,122.169697699
52966,123.863783754
52967,86.9500433564
52968,144.750212297
52969,84.5656977825
52970,76.3674669863
52971,62.9950174949
52972,117.8391706
52973,169.531494683
52974,21.0634410881
52975,98.652129519
52976,82.4909390872
52977,78.6403089175
52978,198.764510442
52979,46.2768111531
52980,103.414295637
52981,83.4866074299
52982,160.168320278
52983,83.2143325424
52984,89.2824942069
52985,109.469959122
52986,67.4484610564
52987,144.634794663
52988,117.842558949
52989,103.168736764
52990,47.9527240277
52991,74.9846306965
52992,47.8963728482
52993,212.35976299
52994,63.6301952569
52995,83.5268693873
52996,53.7713793163
52997,103.465482239
52998,99.8737737194
52999,98.3282352512
53000,49.3304920327
53001,110.621831624
53002,117.944693701
53003,122.503132361
53004,118.406305605
53005,75.6458339083
53006,150.17536344
53007,70.6670202176
53008,62.3999536699
53009,89.5819088881
53010,73.1805989847
53011,138.486223961
53012,50.3210839668
53013,63.4722040237
53014,136.469423557
53015,58.6049948916
53016,168.807643297
53017,67.3234865464
53018,63.362754287
53019,214.256379819
53020,121.360274171
53021,76.1725815077
53022,190.800521153
53023,103.381012662
53024,80.4595317623
53025,112.930902719
53026,56.3239290483
53027,51.7997118687
53028,76.3294097689
53029,58.3385221026
53030,44.1644722948
53031,69.9390543416
53032,116.201972411
53033,63.0839289792
53034,211.003873926
53035,124.513407377
53036,75.3869125234
53037,60.8377488856
53038,89.1950833339
53039,72.9037684208
53040,90.3695060495
53041,134.130970493
53042,161.052343651
53043,90.1149017533
53044,51.3153060413
53045,114.540392231
53046,83.0929410196
53047,107.44025524
53048,82.3815501988
53049,85.2674394035
53050,91.1849476353
53051,25.4400736948
53052,108.775754023
53053,66.9393728231
53054,92.6645898269
53055,42.8556261856
53056,91.9964009934
53057,117.795773046
53058,189.650310449
53059,61.1370439883
53060,169.483536339
53061,65.4260502442
53062,108.318739276
53063,80.3955335705
53064,140.897988763
53065,44.7524484578
53066,203.405464351
53067,160.230211439
53068,86.7963280447
53069,45.7953271343
53070,40.9991462714
53071,134.653863501
53072,105.094706214
53073,69.5935951624
53074,63.6704244051
53075,68.3337965775
53076,141.380383093
53077,68.5976176534
53078,55.1070601204
53079,102.67548087
53080,134.081075737
53081,54.4755943001
53082,160.287271889
53083,85.9830665433
53084,100.253442233
53085,164.449001015
53086,105.103307812
53087,62.0828505443
53088,81.5882066433
53089,64.3275935435
53090,58.0657578014
53091,61.4744563513
53092,103.947179283
53093,71.5792397769
53094,81.0982889843
53095,95.0218546403
53096,113.928371291
53097,131.192396314
53098,185.861346023
53099,67.1980241554
53100,61.7463918663
53101,127.961586727
53102,57.9641504486
53103,166.737347954
53104,66.9738809452
53105,75.9501940369
53106,92.6228450654
53107,81.0913787775
53108,85.753930752
53109,113.635808581
53110,213.617766296
53111,87.5593708629
53112,78.0598052905
53113,68.3061071716
53114,120.016859673
53115,101.352535151
53116,130.845105126
53117,72.8778047829
53118,70.1867223547
53119,149.094771357
53120,103.08573956
53121,122.835684557
53122,79.6823454569
53123,111.792198597
53124,78.6460331894
53125,111.847182428
53126,59.9920880331
53127,107.58691433
53128,86.5026487295
53129,59.5417053666
53130,102.490833756
53131,55.6011112517
53132,126.85708812
53133,63.9865473312
53134,87.9714749736
53135,62.7845316444
53136,74.3013763865
53137,60.6822210853
53138,93.2663234561
53139,86.1176638871
53140,111.212908586
53141,124.060479038
53142,101.761482292
53143,85.0755116319
53144,79.8028074061
53145,174.75150857
53146,72.8781439746
53147,88.4672260759
53148,92.4450878038
53149,182.699904546
53150,75.5081067157
53151,164.799384934
53152,68.4673151853
53153,115.684132889
53154,113.331528141
53155,138.086740534
53156,54.2429238984
53157,62.3725746879
53158,31.1271040006
53159,77.1379221547
53160,93.5793595449
53161,137.707469299
53162,75.2246279713
53163,79.6124383306
53164,129.349849305
53165,73.9058787656
53166,49.5184706715
53167,96.1694448849
53168,142.349580403
53169,154.683490115
53170,98.080119284
53171,77.1904521217
53172,92.6354473698
53173,92.3906756547
53174,60.3027078979
53175,125.587561977
53176,122.973336694
53177,100.387623654
53178,89.4990860016
53179,65.7168466459
53180,59.422624135
53181,89.7706277041
53182,65.8421114944
53183,74.3627899253
53184,79.3093642907
53185,63.8438121068
53186,-6.32508984374
53187,125.586631214
53188,199.655801436
53189,45.4997530266
53190,82.2434601428
53191,77.9531615174
53192,71.1382931421
53193,178.461863422
53194,182.169243497
53195,53.8519483306
53196,86.1435666275
53197,85.0214795582
53198,96.4689420047
53199,102.198908322
53200,35.9210273837
53201,126.525652159
53202,100.946608283
53203,71.2982787774
53204,69.4288610749
53205,59.9995724979
53206,37.8929485519
53207,89.719144759
53208,71.6605535002
53209,86.3810039632
53210,119.897490124
53211,89.9787578794
53212,80.5518203723
53213,87.2307356597
53214,54.0226663991
53215,56.1985968006
53216,55.0563740038
53217,77.0153893933
53218,55.4006577287
53219,115.457596012
53220,101.956956557
53221,48.312601216
53222,107.603341517
53223,101.860333025
53224,84.3088233805
53225,188.882610439
53226,90.0939172498
53227,118.346474016
53228,92.353794253
53229,39.9087842773
53230,67.61489173
53231,90.1584926193
53232,146.200807627
53233,131.269368478
53234,62.0902105106
53235,198.225740783
53236,90.9845786908
53237,89.6160788609
53238,114.701731373
53239,93.7095937406
53240,66.6534381012
53241,94.2605414326
53242,155.448307351
53243,109.348336164
53244,79.2373207205
53245,46.5545076336
53246,64.2288771418
53247,104.174303814
53248,102.911811711
53249,93.5383387917
53250,154.586747617
53251,99.5459181846
53252,184.76798281
53253,73.3275974287
53254,58.098058168
53255,93.1249647504
53256,196.262975702
53257,105.906949608
53258,63.7931689149
53259,157.076250311
53260,113.789169586
53261,66.695926017
53262,106.93170816
53263,128.618300342
53264,85.6913997869
53265,107.711529983
53266,127.918392056
53267,90.9604569938
53268,132.528869601
53269,92.384425799
53270,207.734430652
53271,60.5412739114
53272,97.7519714889
53273,119.661527822
53274,109.475971113
53275,144.334838779
53276,96.497442501
53277,83.7253693142
53278,98.2239752071
53279,149.275439315
53280,102.807402109
53281,21.2914480012
53282,82.7494743838
53283,87.210265405
53284,77.4824402856
53285,45.1258122879
53286,122.256906497
53287,67.3419131505
53288,61.4248342982
53289,92.3685842097
53290,69.6319564632
53291,123.724677587
53292,124.457688102
53293,104.046914885
53294,82.1237313223
53295,80.3996279411
53296,58.6422147324
53297,83.9126774833
53298,121.431047392
53299,124.834314641
53300,48.1894340299
53301,127.404384022
53302,90.50024299
53303,100.100222502
53304,91.3506197995
53305,118.284152389
53306,44.8913408845
53307,67.5709464564
53308,113.624391555
53309,80.279413592
53310,107.148570909
53311,69.3242599254
53312,83.923324218
53313,59.4799495093
53314,85.3571343648
53315,85.7471527688
53316,34.951804147
53317,118.004057638
53318,137.767450488
53319,97.8431285994
53320,90.4109999306
53321,97.8501133939
53322,88.0717897221
53323,123.626542038
53324,117.897966595
53325,159.273276616
53326,124.186605017
53327,132.690992491
53328,74.7659294778
53329,121.465172767
53330,108.116647894
53331,107.611246169
53332,51.2046253651
53333,118.433450442
53334,81.6758593685
53335,126.346899047
53336,109.616081903
53337,66.274224892
53338,84.1523014232
53339,155.380859185
53340,123.103378162
53341,84.8774990446
53342,148.752571359
53343,126.900905343
53344,57.3658670193
53345,71.1850082928
53346,121.935687423
53347,134.610501016
53348,119.632727991
53349,80.3786892712
53350,98.5054076017
53351,114.29324123
53352,55.6858335996
53353,109.9016644
53354,122.448206148
53355,52.7805129092
53356,55.8873931237
53357,142.001782922
53358,83.0293685991
53359,66.6956591598
53360,145.326488062
53361,76.6765773548
53362,106.885580503
53363,72.2101431261
53364,121.910147536
53365,79.9771663672
53366,75.5294999637
53367,80.5990346135
53368,79.2407155419
53369,82.881865073
53370,176.169336875
53371,95.3366087316
53372,67.8081239772
53373,125.571799741
53374,74.73981979
53375,65.6039053955
53376,85.7990067076
53377,155.694274615
53378,123.012661138
53379,88.1871869923
53380,113.677858409
53381,91.2223549195
53382,130.669393521
53383,77.4942376371
53384,57.9026961505
53385,132.346831897
53386,115.994205117
53387,78.7812445291
53388,52.643025977
53389,103.175706134
53390,51.1735416055
53391,114.052124996
53392,53.0118297192
53393,80.924559949
53394,79.9116531832
53395,92.9274441297
53396,136.646592366
53397,56.9737591064
53398,113.706195262
53399,61.8784972294
53400,45.8493149997
53401,91.8383914403
53402,95.8418672566
53403,70.7303906534
53404,129.11445677
53405,105.191137598
53406,208.862426519
53407,60.7976586489
53408,74.0161449875
53409,87.4358466506
53410,82.7047821175
53411,104.931665084
53412,76.6497205361
53413,131.693095722
53414,111.088384862
53415,57.9430946372
53416,131.66858917
53417,54.5869422867
53418,108.497751278
53419,82.3911265402
53420,117.11607268
53421,164.452741313
53422,230.216716656
53423,267.278736941
53424,113.277010313
53425,62.150608844
53426,73.0848619441
53427,80.4559037352
53428,106.416164203
53429,62.2236741433
53430,107.355842932
53431,71.6150356607
53432,83.6826768383
53433,100.371237996
53434,133.561252255
53435,36.1181998737
53436,60.2369423403
53437,89.057015473
53438,51.9550083848
53439,71.5134745529
53440,91.7599174641
53441,83.0371136414
53442,118.158387081
53443,176.655014197
53444,65.6832196926
53445,80.1838323054
53446,48.5132443319
53447,52.5537293772
53448,106.980443156
53449,111.036559132
53450,67.4584693657
53451,91.0119057144
53452,151.391697419
53453,168.058704279
53454,98.2268029067
53455,118.98613129
53456,58.8496882078
53457,117.231956315
53458,80.669234951
53459,63.937747401
53460,61.3076660364
53461,140.978403222
53462,134.83318945
53463,108.939075796
53464,104.216789205
53465,121.105541036
53466,119.16774184
53467,74.1453419509
53468,190.30096107
53469,147.471045241
53470,152.702305979
53471,1.72574140214
53472,68.2057237447
53473,84.2566479635
53474,80.908535056
53475,116.101282342
53476,66.6386556446
53477,218.131634886
53478,79.4275559994
53479,111.448730286
53480,139.817833629
53481,113.724069067
53482,94.4991238258
53483,96.6543570681
53484,83.4120255463
53485,194.582176066
53486,72.8519910223
53487,53.7171908549
53488,122.744300247
53489,113.243545477
53490,95.1581315177
53491,116.288388359
53492,82.7446191674
53493,143.426949527
53494,122.619262881
53495,127.54966238
53496,111.164474329
53497,106.38672011
53498,66.51974527
53499,79.9329455973
53500,90.8581176945
53501,109.151712995
53502,65.0335999807
53503,92.4440132451
53504,165.216955649
53505,79.3657258743
53506,86.2058598285
53507,182.321074643
53508,87.4232128098
53509,69.241433557
53510,61.1768568636
53511,67.3592399846
53512,116.502882072
53513,99.2671036584
53514,136.278000038
53515,97.7457703589
53516,136.84548841
53517,177.107192795
53518,39.3266317534
53519,145.126912061
53520,91.9674899715
53521,31.0400268124
53522,40.4376377622
53523,32.9504345695
53524,118.702273829
53525,54.2830702074
53526,66.8950891948
53527,180.625095676
53528,91.4561039267
53529,75.9101441429
53530,64.6795405694
53531,55.947266146
53532,76.7626395262
53533,70.9078452637
53534,70.034933424
53535,149.60987542
53536,197.732146817
53537,71.9044803104
53538,205.612252547
53539,120.643516348
53540,65.9055645901
53541,195.581710566
53542,60.9397412198
53543,65.0228236644
53544,148.184365913
53545,103.824578153
53546,56.3101724204
53547,67.6128025719
53548,93.047012295
53549,130.181282848
53550,90.9858378047
53551,180.852110608
53552,69.2207012542
53553,95.6855857675
53554,103.649873931
53555,47.0406964553
53556,96.7781887548
53557,12.194373951
53558,88.0906070148
53559,60.6350261386
53560,160.480202722
53561,75.7286933096
53562,115.978664612
53563,64.5013674937
53564,83.921268874
53565,117.808335596
53566,115.420613131
53567,138.618490417
53568,143.351367056
53569,161.04253029
53570,121.199900801
53571,43.0053630532
53572,149.646912478
53573,148.190645387
53574,62.9710821197
53575,102.191198044
53576,104.9631686
53577,124.856127534
53578,96.2889575795
53579,75.5234623706
53580,102.425393552
53581,93.0805485549
53582,107.009194197
53583,65.667644299
53584,97.8844444142
53585,134.85456285
53586,81.2494332941
53587,66.795100408
53588,64.4160004358
53589,59.6095480374
53590,75.9886551447
53591,73.1057989776
53592,78.8216819833
53593,205.932053317
53594,93.2080683626
53595,55.4683607928
53596,123.767938556
53597,104.523355145
53598,59.9335819248
53599,51.3223939428
53600,94.8606668776
53601,51.526294148
53602,37.3977180636
53603,66.9092222529
53604,97.6552693565
53605,112.567210419
53606,97.5982209482
53607,82.6045794209
53608,101.652587781
53609,161.329196499
53610,84.9165890621
53611,93.5160816158
53612,46.0783867172
53613,74.5032738725
53614,98.9739966704
53615,73.182328826
53616,104.870053702
53617,67.1310571588
53618,116.039126647
53619,223.122508265
53620,89.8545764329
53621,63.9482497184
53622,171.260933542
53623,60.1729890856
53624,66.1921141884
53625,78.4576849612
53626,206.838361633
53627,115.649651871
53628,120.964220225
53629,28.9607794216
53630,89.4670499153
53631,54.9133711826
53632,108.966612715
53633,70.2851849146
53634,79.5631563609
53635,33.3001904232
53636,83.7297357949
53637,66.448043072
53638,94.007611895
53639,93.5413361073
53640,68.326889319
53641,69.6225160653
53642,167.086475345
53643,75.2142483783
53644,94.5019927442
53645,82.044694591
53646,112.770215439
53647,97.6466982531
53648,80.0116146825
53649,89.4024806274
53650,154.832327646
53651,85.5870827806
53652,87.2431531139
53653,82.6831578185
53654,137.919619746
53655,76.3834657965
53656,58.5628440592
53657,88.7090397402
53658,113.551524172
53659,52.1675806259
53660,82.1280911591
53661,194.088168
53662,66.6050163316
53663,163.680285402
53664,90.4940373137
53665,229.697111484
53666,65.2434878282
53667,54.5622584489
53668,108.563894691
53669,144.411667774
53670,111.058573882
53671,117.610014562
53672,68.0026654131
53673,67.9061003229
53674,75.8551437265
53675,128.18994894
53676,72.4476918087
53677,59.4285266416
53678,101.237561355
53679,52.9838743064
53680,156.889704866
53681,69.3587068194
53682,69.0338077408
53683,42.6807969915
53684,54.4471540582
53685,201.563022631
53686,156.187667571
53687,83.6386040442
53688,60.7221402212
53689,153.42382694
53690,141.415223974
53691,59.3481824544
53692,129.148109184
53693,34.6730384784
53694,56.661726606
53695,111.453431586
53696,120.508420676
53697,209.185824411
53698,127.32748298
53699,104.130811806
53700,393.892163873
53701,115.106822084
53702,80.2448676002
53703,83.3266288133
53704,79.6704185444
53705,140.790216896
53706,123.160785334
53707,149.180697697
53708,53.4827663485
53709,138.72198098
53710,98.6020986651
53711,102.500207598
53712,81.6198971893
53713,144.536006314
53714,86.9259703981
53715,193.58387175
53716,90.4508571179
53717,103.628112858
53718,157.006209349
53719,110.113256703
53720,49.9586141292
53721,118.490205752
53722,99.8489776079
53723,150.426227409
53724,117.891524945
53725,95.3215872029
53726,33.0180750283
53727,120.840853677
53728,70.6101454421
53729,131.326929563
53730,166.815053195
53731,142.79161637
53732,65.9219597165
53733,66.2668966706
53734,80.4350022023
53735,82.7523829924
53736,67.5175224629
53737,158.009873047
53738,63.2776794534
53739,110.463300823
53740,120.03618118
53741,101.082311351
53742,113.949036615
53743,53.0902363213
53744,100.817374252
53745,86.2588520616
53746,114.016401609
53747,115.08025392
53748,63.0068388076
53749,267.305348556
53750,96.3589507178
53751,64.4183890616
53752,82.3464560741
53753,102.77654288
53754,76.2740954806
53755,91.8379007326
53756,84.5280075114
53757,83.428929671
53758,56.4062331887
53759,137.386762862
53760,171.126071956
53761,54.2804769786
53762,123.580186359
53763,61.0821392492
53764,94.6714152625
53765,107.229277679
53766,29.9961757881
53767,94.4404323325
53768,126.040680708
53769,196.504430374
53770,86.6280541567
53771,70.5762742429
53772,170.608041293
53773,21.9903156173
53774,130.650336225
53775,123.555998339
53776,49.4326850549
53777,102.92532238
53778,125.422223068
53779,54.9064517923
53780,126.184677921
53781,89.0178922113
53782,74.8233315016
53783,106.594569645
53784,106.278946963
53785,91.8463254373
53786,73.7648578859
53787,136.637275901
53788,85.9123694792
53789,129.557341103
53790,106.253858346
53791,69.2307022519
53792,101.819411521
53793,62.7397511623
53794,62.4122879651
53795,51.6341670066
53796,37.6344632631
53797,56.5554333248
53798,97.7852740582
53799,53.0439865942
53800,148.617230832
53801,107.486709494
53802,151.804027753
53803,69.1700964924
53804,57.0149408719
53805,97.5164652236
53806,43.1494489923
53807,88.3032548278
53808,35.3696306141
53809,184.088340041
53810,196.250425271
53811,26.3639170716
53812,89.3544053763
53813,81.7286310335
53814,47.7304285542
53815,99.3256898516
53816,101.638773436
53817,86.0711593732
53818,106.522058017
53819,80.7052303238
53820,15.2124407105
53821,75.9633730617
53822,123.919725308
53823,72.9349409024
53824,139.65421467
53825,54.5175841733
53826,126.080860802
53827,143.875997436
53828,104.037119143
53829,166.268433063
53830,121.616089194
53831,107.37383356
53832,128.266019072
53833,102.640817194
53834,101.646659089
53835,100.147010796
53836,139.080318328
53837,124.35198526
53838,138.140088175
53839,102.100468149
53840,52.4298199123
53841,73.2139738505
53842,72.5009312094
53843,114.893004318
53844,151.270521197
53845,128.908754896
53846,66.160697428
53847,73.9254725696
53848,62.5348658703
53849,35.0700949888
53850,94.6264518965
53851,115.700492498
53852,199.525402965
53853,65.7599944506
53854,104.128475891
53855,54.6116973757
53856,122.50383452
53857,116.192844101
53858,75.9618816957
53859,85.8045384958
53860,54.9329994581
53861,123.82769551
53862,57.3671286618
53863,44.9433722512
53864,157.612354905
53865,96.0225684907
53866,79.2794147324
53867,48.7344675428
53868,69.9597210739
53869,39.1878989641
53870,93.0340812202
53871,49.4136044815
53872,114.348134022
53873,101.686603898
53874,95.511220821
53875,84.5830230529
53876,75.7204991403
53877,53.9136228581
53878,94.5607256857
53879,93.1140800669
53880,94.8296577792
53881,109.759973746
53882,30.5033896567
53883,93.9109412743
53884,96.5478199347
53885,159.489505023
53886,94.6918905743
53887,140.949152041
53888,79.0102062231
53889,143.124350252
53890,290.993335235
53891,58.3179997936
53892,46.9413804214
53893,151.479253984
53894,160.999367603
53895,85.7508698846
53896,38.7741739762
53897,50.5371930275
53898,73.0714822135
53899,119.53529601
53900,129.85315225
53901,51.8434634848
53902,157.169251137
53903,193.906664215
53904,59.0612241169
53905,88.9337175697
53906,118.39678047
53907,111.490887739
53908,75.2370205437
53909,59.8085529704
53910,74.3173063499
53911,111.836024028
53912,120.135450475
53913,70.2713602127
53914,78.5817172144
53915,69.7600213034
53916,76.5634655192
53917,80.0884123855
53918,68.8024828706
53919,126.130217406
53920,106.905220714
53921,118.14825564
53922,84.7050296142
53923,41.9413902713
53924,88.4017038191
53925,31.629464383
53926,135.133076407
53927,86.4564473574
53928,114.667953431
53929,164.020019042
53930,59.8180539535
53931,71.6863188659
53932,94.884520017
53933,198.836777909
53934,132.731624858
53935,112.668352101
53936,75.4692659481
53937,63.8425435891
53938,77.9927404521
53939,111.686942815
53940,116.317051212
53941,90.2022192941
53942,124.349170657
53943,68.6016560932
53944,114.414579722
53945,186.532676719
